{
  "best_epoch": 1,
  "peak_worker_0_memory_MB": 1389.734375,
  "training_duration": "0:00:34.088481",
  "training_start_epoch": 0,
  "training_epochs": 1,
  "epoch": 1,
  "training_precision": 0.7373737096786499,
  "training_recall": 0.29045093059539795,
  "training_f1": 0.4167459309101105,
  "training_loss": 0.2968470306492693,
  "training_worker_0_memory_MB": 1389.734375,
  "validation_precision": 0.6363636255264282,
  "validation_recall": 0.2222222238779068,
  "validation_f1": 0.3294117748737335,
  "validation_loss": 0.40083184589748266,
  "best_validation_precision": 0.6363636255264282,
  "best_validation_recall": 0.2222222238779068,
  "best_validation_f1": 0.3294117748737335,
  "best_validation_loss": 0.40083184589748266
}