{
  "best_epoch": 1,
  "peak_worker_0_memory_MB": 1450.015625,
  "training_duration": "0:01:41.779039",
  "training_start_epoch": 0,
  "training_epochs": 5,
  "epoch": 5,
  "training_precision": 0.9654654860496521,
  "training_recall": 0.8527851700782776,
  "training_f1": 0.905633807182312,
  "training_loss": 0.0733444083215562,
  "training_worker_0_memory_MB": 1450.015625,
  "validation_precision": 0.5645161271095276,
  "validation_recall": 0.2777777910232544,
  "validation_f1": 0.37234044075012207,
  "validation_loss": 0.6052627662151828,
  "best_validation_precision": 0.6363636255264282,
  "best_validation_recall": 0.2222222238779068,
  "best_validation_f1": 0.3294117748737335,
  "best_validation_loss": 0.40083184589748266
}