{
  "best_epoch": 1,
  "peak_worker_0_memory_MB": 1432.140625,
  "training_duration": "0:00:51.464419",
  "training_start_epoch": 0,
  "training_epochs": 2,
  "epoch": 2,
  "training_precision": 0.8606356978416443,
  "training_recall": 0.46684351563453674,
  "training_f1": 0.6053310036659241,
  "training_loss": 0.228772515653081,
  "training_worker_0_memory_MB": 1432.140625,
  "validation_precision": 0.5777778029441833,
  "validation_recall": 0.2063492089509964,
  "validation_f1": 0.3040935695171356,
  "validation_loss": 0.43593272808012484,
  "best_validation_precision": 0.6363636255264282,
  "best_validation_recall": 0.2222222238779068,
  "best_validation_f1": 0.3294117748737335,
  "best_validation_loss": 0.40083184589748266
}