{
  "best_epoch": 1,
  "peak_worker_0_memory_MB": 1432.5625,
  "training_duration": "0:01:08.497482",
  "training_start_epoch": 0,
  "training_epochs": 3,
  "epoch": 3,
  "training_precision": 0.932692289352417,
  "training_recall": 0.6432361006736755,
  "training_f1": 0.7613815069198608,
  "training_loss": 0.16312917154150758,
  "training_worker_0_memory_MB": 1432.5625,
  "validation_precision": 0.6111111044883728,
  "validation_recall": 0.261904776096344,
  "validation_f1": 0.36666667461395264,
  "validation_loss": 0.49686048292361223,
  "best_validation_precision": 0.6363636255264282,
  "best_validation_recall": 0.2222222238779068,
  "best_validation_f1": 0.3294117748737335,
  "best_validation_loss": 0.40083184589748266
}