{
  "best_epoch": 1,
  "peak_worker_0_memory_MB": 1414.796875,
  "training_duration": "0:02:30.787975",
  "training_start_epoch": 0,
  "training_epochs": 8,
  "epoch": 8,
  "training_precision": 0.9408866763114929,
  "training_recall": 0.9160671234130859,
  "training_f1": 0.9283109903335571,
  "training_loss": 0.03232229238091286,
  "training_worker_0_memory_MB": 1414.796875,
  "validation_precision": 0.23529411852359772,
  "validation_recall": 0.05000000074505806,
  "validation_f1": 0.0824742317199707,
  "validation_loss": 0.6657788518409778,
  "best_validation_precision": 0.0,
  "best_validation_recall": 0.0,
  "best_validation_f1": 0.0,
  "best_validation_loss": 0.32117671157803235
}