{
  "best_epoch": 1,
  "peak_worker_0_memory_MB": 1410.375,
  "training_duration": "0:01:23.724827",
  "training_start_epoch": 0,
  "training_epochs": 4,
  "epoch": 4,
  "training_precision": 0.836298942565918,
  "training_recall": 0.5635491609573364,
  "training_f1": 0.6733524203300476,
  "training_loss": 0.1066039776422828,
  "training_worker_0_memory_MB": 1410.375,
  "validation_precision": 0.3333333432674408,
  "validation_recall": 0.0625,
  "validation_f1": 0.10526315867900848,
  "validation_loss": 0.4976569155248498,
  "best_validation_precision": 0.0,
  "best_validation_recall": 0.0,
  "best_validation_f1": 0.0,
  "best_validation_loss": 0.32117671157803235
}