{
  "best_epoch": 1,
  "peak_worker_0_memory_MB": 1408.125,
  "training_duration": "0:01:07.031758",
  "training_start_epoch": 0,
  "training_epochs": 3,
  "epoch": 3,
  "training_precision": 0.8369565010070801,
  "training_recall": 0.3693045675754547,
  "training_f1": 0.5124792456626892,
  "training_loss": 0.14375665274201374,
  "training_worker_0_memory_MB": 1408.125,
  "validation_precision": 0.30000001192092896,
  "validation_recall": 0.03750000149011612,
  "validation_f1": 0.06666667014360428,
  "validation_loss": 0.36242176860389985,
  "best_validation_precision": 0.0,
  "best_validation_recall": 0.0,
  "best_validation_f1": 0.0,
  "best_validation_loss": 0.32117671157803235
}