{
  "best_epoch": 1,
  "peak_worker_0_memory_MB": 1373.3125,
  "training_duration": "0:00:33.750205",
  "training_start_epoch": 0,
  "training_epochs": 1,
  "epoch": 1,
  "training_precision": 0.6315789222717285,
  "training_recall": 0.028776979073882103,
  "training_f1": 0.05504586920142174,
  "training_loss": 0.2259927368060272,
  "training_worker_0_memory_MB": 1373.3125,
  "validation_precision": 0.0,
  "validation_recall": 0.0,
  "validation_f1": 0.0,
  "validation_loss": 0.32117671157803235,
  "best_validation_precision": 0.0,
  "best_validation_recall": 0.0,
  "best_validation_f1": 0.0,
  "best_validation_loss": 0.32117671157803235
}