{
  "best_epoch": 1,
  "peak_worker_0_memory_MB": 1393.71875,
  "training_duration": "0:00:50.439847",
  "training_start_epoch": 0,
  "training_epochs": 2,
  "epoch": 2,
  "training_precision": 0.7464788556098938,
  "training_recall": 0.12709832191467285,
  "training_f1": 0.21721310913562775,
  "training_loss": 0.18619489008253953,
  "training_worker_0_memory_MB": 1393.71875,
  "validation_precision": 0.5,
  "validation_recall": 0.02500000037252903,
  "validation_f1": 0.0476190522313118,
  "validation_loss": 0.3579906775459868,
  "best_validation_precision": 0.0,
  "best_validation_recall": 0.0,
  "best_validation_f1": 0.0,
  "best_validation_loss": 0.32117671157803235
}