{
  "best_epoch": 0,
  "peak_worker_0_memory_MB": 1462.765625,
  "training_duration": "0:02:17.352674",
  "training_start_epoch": 0,
  "training_epochs": 7,
  "epoch": 7,
  "training_precision": 0.972305417060852,
  "training_recall": 0.9643652439117432,
  "training_f1": 0.9683190584182739,
  "training_loss": 0.04835562513074212,
  "training_worker_0_memory_MB": 1462.765625,
  "validation_precision": 0.5322580933570862,
  "validation_recall": 0.523809552192688,
  "validation_f1": 0.527999997138977,
  "validation_loss": 0.8320210002507409,
  "best_validation_precision": 0.7014925479888916,
  "best_validation_recall": 0.24867725372314453,
  "best_validation_f1": 0.3671875,
  "best_validation_loss": 0.4597327096081387
}