{
  "best_epoch": 0,
  "peak_worker_0_memory_MB": 1462.765625,
  "training_duration": "0:02:00.113562",
  "training_start_epoch": 0,
  "training_epochs": 6,
  "epoch": 6,
  "training_precision": 0.9697198867797852,
  "training_recall": 0.9510022401809692,
  "training_f1": 0.9602698683738708,
  "training_loss": 0.059507017158350384,
  "training_worker_0_memory_MB": 1462.765625,
  "validation_precision": 0.609929084777832,
  "validation_recall": 0.45502644777297974,
  "validation_f1": 0.5212121605873108,
  "validation_loss": 0.7527675648851161,
  "best_validation_precision": 0.7014925479888916,
  "best_validation_recall": 0.24867725372314453,
  "best_validation_f1": 0.3671875,
  "best_validation_loss": 0.4597327096081387
}