{
  "best_epoch": 0,
  "peak_worker_0_memory_MB": 1294.875,
  "training_duration": "0:02:49.191135",
  "training_start_epoch": 0,
  "training_epochs": 9,
  "epoch": 9,
  "training_precision": 0.9936686754226685,
  "training_recall": 0.9940183162689209,
  "training_f1": 0.9938434362411499,
  "training_loss": 0.025621333579651642,
  "training_worker_0_memory_MB": 1294.875,
  "validation_precision": 0.7367088794708252,
  "validation_recall": 0.7843665480613708,
  "validation_f1": 0.7597910761833191,
  "validation_loss": 0.9736509908966294,
  "best_validation_precision": 0.7737789154052734,
  "best_validation_recall": 0.8113207817077637,
  "best_validation_f1": 0.7921053171157837,
  "best_validation_loss": 0.43331759988795965
}