{
  "best_epoch": 0,
  "peak_worker_0_memory_MB": 1260.34375,
  "training_duration": "0:00:50.894000",
  "training_start_epoch": 0,
  "training_epochs": 2,
  "epoch": 2,
  "training_precision": 0.874873161315918,
  "training_recall": 0.9102744460105896,
  "training_f1": 0.8922227621078491,
  "training_loss": 0.27164199626793917,
  "training_worker_0_memory_MB": 1260.34375,
  "validation_precision": 0.7728531956672668,
  "validation_recall": 0.7520215511322021,
  "validation_f1": 0.762295126914978,
  "validation_loss": 0.4913823996030476,
  "best_validation_precision": 0.7737789154052734,
  "best_validation_recall": 0.8113207817077637,
  "best_validation_f1": 0.7921053171157837,
  "best_validation_loss": 0.43331759988795965
}