{
  "best_epoch": 1,
  "peak_worker_0_memory_MB": 1440.09375,
  "training_duration": "0:02:15.410693",
  "training_start_epoch": 0,
  "training_epochs": 7,
  "epoch": 7,
  "training_precision": 0.9816513657569885,
  "training_recall": 0.9727272987365723,
  "training_f1": 0.9771690368652344,
  "training_loss": 0.0030309539063557854,
  "training_worker_0_memory_MB": 1440.09375,
  "validation_precision": 0.1666666716337204,
  "validation_recall": 0.0833333358168602,
  "validation_f1": 0.111111119389534,
  "validation_loss": 0.11519823720000731,
  "best_validation_precision": 0.0,
  "best_validation_recall": 0.0,
  "best_validation_f1": 0.0,
  "best_validation_loss": 0.06782621874103106
}