{
  "best_epoch": 1,
  "peak_worker_0_memory_MB": 1430.96875,
  "training_duration": "0:01:07.812825",
  "training_start_epoch": 0,
  "training_epochs": 3,
  "epoch": 3,
  "training_precision": 0.9333333373069763,
  "training_recall": 0.6363636255264282,
  "training_f1": 0.7567567229270935,
  "training_loss": 0.025060845539603308,
  "training_worker_0_memory_MB": 1430.96875,
  "validation_precision": 0.0,
  "validation_recall": 0.0,
  "validation_f1": 0.0,
  "validation_loss": 0.08859961274464136,
  "best_validation_precision": 0.0,
  "best_validation_recall": 0.0,
  "best_validation_f1": 0.0,
  "best_validation_loss": 0.06782621874103106
}