{
  "best_epoch": 1,
  "peak_worker_0_memory_MB": 1437.828125,
  "training_duration": "0:01:41.519983",
  "training_start_epoch": 0,
  "training_epochs": 5,
  "epoch": 5,
  "training_precision": 0.9626168012619019,
  "training_recall": 0.9363636374473572,
  "training_f1": 0.9493088126182556,
  "training_loss": 0.0073918825891843044,
  "training_worker_0_memory_MB": 1437.828125,
  "validation_precision": 0.125,
  "validation_recall": 0.0833333358168602,
  "validation_f1": 0.10000000149011612,
  "validation_loss": 0.10019315828205018,
  "best_validation_precision": 0.0,
  "best_validation_recall": 0.0,
  "best_validation_f1": 0.0,
  "best_validation_loss": 0.06782621874103106
}