{
  "best_epoch": 1,
  "peak_worker_0_memory_MB": 1440.09375,
  "training_duration": "0:02:49.178671",
  "training_start_epoch": 0,
  "training_epochs": 9,
  "epoch": 9,
  "training_precision": 0.9818181991577148,
  "training_recall": 0.9818181991577148,
  "training_f1": 0.9818181991577148,
  "training_loss": 0.0024831012509617697,
  "training_worker_0_memory_MB": 1440.09375,
  "validation_precision": 0.0,
  "validation_recall": 0.0,
  "validation_f1": 0.0,
  "validation_loss": 0.12980502281770206,
  "best_validation_precision": 0.0,
  "best_validation_recall": 0.0,
  "best_validation_f1": 0.0,
  "best_validation_loss": 0.06782621874103106
}