{
  "best_epoch": 1,
  "peak_worker_0_memory_MB": 1435.203125,
  "training_duration": "0:01:24.777471",
  "training_start_epoch": 0,
  "training_epochs": 4,
  "epoch": 4,
  "training_precision": 0.9611650705337524,
  "training_recall": 0.8999999761581421,
  "training_f1": 0.9295774698257446,
  "training_loss": 0.010928408230378437,
  "training_worker_0_memory_MB": 1435.203125,
  "validation_precision": 0.0,
  "validation_recall": 0.0,
  "validation_f1": 0.0,
  "validation_loss": 0.09596494253088704,
  "best_validation_precision": 0.0,
  "best_validation_recall": 0.0,
  "best_validation_f1": 0.0,
  "best_validation_loss": 0.06782621874103106
}